Region,State,EnergySource,YearValue,Capacity_MW
ER,WEST BENGAL,SMALL HYDRO,2008,98.4
ER,WEST BENGAL,SOLAR,2008,0.05
ER,WEST BENGAL,SMALL HYDRO,2009,98.4
ER,WEST BENGAL,SOLAR,2009,0.05
ER,WEST BENGAL,SMALL HYDRO,2010,98.4
ER,WEST BENGAL,WIND,2010,4.3
ER,WEST BENGAL,COGENERATION-BAGASSE,2010,16
ER,WEST BENGAL,SOLAR,2010,1.15
ER,WEST BENGAL,SMALL HYDRO,2011,98.4
ER,WEST BENGAL,WIND,2011,4.3
ER,WEST BENGAL,COGENERATION-BAGASSE,2011,16
ER,WEST BENGAL,SOLAR,2011,1.15
ER,WEST BENGAL,SMALL HYDRO,2012,98.4
ER,WEST BENGAL,WIND,2012,4.3
ER,WEST BENGAL,COGENERATION-BAGASSE,2012,16
ER,WEST BENGAL,SOLAR,2012,2.05
ER,WEST BENGAL,SMALL HYDRO,2013,98.4
ER,WEST BENGAL,COGENERATION-BAGASSE,2013,26
ER,WEST BENGAL,SOLAR,2013,2.05
ER,WEST BENGAL,SMALL HYDRO,2014,98.4
ER,WEST BENGAL,COGENERATION-BAGASSE,2014,26
ER,WEST BENGAL,SOLAR,2014,7.05
ER,WEST BENGAL,SMALL HYDRO,2017,98.5
ER,WEST BENGAL,COGENERATION-BAGASSE,2017,300
ER,WEST BENGAL,SOLAR,2017,26.14
ER,WEST BENGAL,SMALL HYDRO,2018,98.5
ER,WEST BENGAL,COGENERATION-BAGASSE,2018,300
ER,WEST BENGAL,SOLAR,2018,37.32
ER,WEST BENGAL,SMALL HYDRO,2019,98.5
ER,WEST BENGAL,COGENERATION-BAGASSE,2019,300
ER,WEST BENGAL,SOLAR,2019,75.95
ER,WEST BENGAL,SMALL HYDRO,2020,98.5
ER,WEST BENGAL,COGENERATION-BAGASSE,2020,319.92
ER,WEST BENGAL,SOLAR,2020,114.46
ER,WEST BENGAL,SMALL HYDRO,2015,98.5
ER,WEST BENGAL,COGENERATION-BAGASSE,2015,292
ER,WEST BENGAL,SOLAR,2015,7.21
ER,WEST BENGAL,SMALL HYDRO,2016,98.5
ER,WEST BENGAL,COGENERATION-BAGASSE,2016,300
ER,WEST BENGAL,SOLAR,2016,7.772
ER,JHARKHAND,SMALL HYDRO,2008,4.05
ER,JHARKHAND,SMALL HYDRO,2009,4.05
ER,JHARKHAND,SMALL HYDRO,2010,4.05
ER,JHARKHAND,SMALL HYDRO,2011,4.05
ER,JHARKHAND,SMALL HYDRO,2012,4.05
ER,JHARKHAND,SOLAR,2012,4
ER,JHARKHAND,SMALL HYDRO,2013,4.05
ER,JHARKHAND,SOLAR,2013,16
ER,JHARKHAND,SMALL HYDRO,2014,4.05
ER,JHARKHAND,SOLAR,2014,16
ER,JHARKHAND,SMALL HYDRO,2017,4.05
ER,JHARKHAND,SOLAR,2017,23.27
ER,JHARKHAND,SMALL HYDRO,2018,4.05
ER,JHARKHAND,SOLAR,2018,25.67
ER,JHARKHAND,SMALL HYDRO,2019,4.05
ER,JHARKHAND,SOLAR,2019,34.95
ER,JHARKHAND,SMALL HYDRO,2020,4.05
ER,JHARKHAND,COGENERATION-BAGASSE,2020,4.3
ER,JHARKHAND,SOLAR,2020,38.4
ER,JHARKHAND,SMALL HYDRO,2015,4.05
ER,JHARKHAND,SOLAR,2015,16
ER,JHARKHAND,SMALL HYDRO,2016,4.05
ER,JHARKHAND,SOLAR,2016,16.186
ER,BIHAR,SMALL HYDRO,2008,50.4
ER,BIHAR,SMALL HYDRO,2009,54.6
ER,BIHAR,SMALL HYDRO,2010,54.6
ER,BIHAR,SMALL HYDRO,2011,59.8
ER,BIHAR,COGENERATION-BAGASSE,2011,9.5
ER,BIHAR,SMALL HYDRO,2012,64.3
ER,BIHAR,COGENERATION-BAGASSE,2012,15.5
ER,BIHAR,SMALL HYDRO,2013,70.7
ER,BIHAR,COGENERATION-BAGASSE,2013,43.3
ER,BIHAR,SMALL HYDRO,2014,70.7
ER,BIHAR,COGENERATION-BAGASSE,2014,43.42
ER,BIHAR,SMALL HYDRO,2017,70.7
ER,BIHAR,COGENERATION-BAGASSE,2017,113
ER,BIHAR,SOLAR,2017,108.52
ER,BIHAR,SMALL HYDRO,2018,70.7
ER,BIHAR,COGENERATION-BAGASSE,2018,113
ER,BIHAR,SOLAR,2018,142.45
ER,BIHAR,SMALL HYDRO,2019,70.7
ER,BIHAR,COGENERATION-BAGASSE,2019,113
ER,BIHAR,SOLAR,2019,142.45
ER,BIHAR,SMALL HYDRO,2020,70.7
ER,BIHAR,COGENERATION-BAGASSE,2020,121.2
ER,BIHAR,SOLAR,2020,151.57
ER,BIHAR,SMALL HYDRO,2015,70.7
ER,BIHAR,COGENERATION-BAGASSE,2015,93
ER,BIHAR,SMALL HYDRO,2016,70.7
ER,BIHAR,COGENERATION-BAGASSE,2016,104
ER,BIHAR,SOLAR,2016,5.1
WR,MADHYA PRADESH,SMALL HYDRO,2008,71.16
WR,MADHYA PRADESH,WIND,2008,187.7
WR,MADHYA PRADESH,COGENERATION-BAGASSE,2008,1
WR,MADHYA PRADESH,WASTE,2008,2.75
WR,MADHYA PRADESH,SOLAR,2008,0.1
WR,MADHYA PRADESH,SMALL HYDRO,2009,71.16
WR,MADHYA PRADESH,WIND,2009,212.8
WR,MADHYA PRADESH,COGENERATION-BAGASSE,2009,1
WR,MADHYA PRADESH,WASTE,2009,2.75
WR,MADHYA PRADESH,SOLAR,2009,0.1
WR,MADHYA PRADESH,SMALL HYDRO,2010,71.16
WR,MADHYA PRADESH,WIND,2010,229.4
WR,MADHYA PRADESH,COGENERATION-BAGASSE,2010,1
WR,MADHYA PRADESH,WASTE,2010,2.7
WR,MADHYA PRADESH,SOLAR,2010,0.1
WR,MADHYA PRADESH,SMALL HYDRO,2011,86.16
WR,MADHYA PRADESH,WIND,2011,275.9
WR,MADHYA PRADESH,COGENERATION-BAGASSE,2011,1
WR,MADHYA PRADESH,WASTE,2011,2.7
WR,MADHYA PRADESH,SOLAR,2011,0.1
WR,MADHYA PRADESH,SMALL HYDRO,2012,86.16
WR,MADHYA PRADESH,WIND,2012,376.4
WR,MADHYA PRADESH,COGENERATION-BAGASSE,2012,8.5
WR,MADHYA PRADESH,WASTE,2012,3.9
WR,MADHYA PRADESH,SOLAR,2012,2.1
WR,MADHYA PRADESH,SMALL HYDRO,2013,86.16
WR,MADHYA PRADESH,WIND,2013,386
WR,MADHYA PRADESH,COGENERATION-BAGASSE,2013,16
WR,MADHYA PRADESH,WASTE,2013,3.9
WR,MADHYA PRADESH,SOLAR,2013,37.315
WR,MADHYA PRADESH,SMALL HYDRO,2014,86.16
WR,MADHYA PRADESH,WIND,2014,423.4
WR,MADHYA PRADESH,COGENERATION-BAGASSE,2014,26
WR,MADHYA PRADESH,WASTE,2014,3.9
WR,MADHYA PRADESH,SOLAR,2014,347.17
WR,MADHYA PRADESH,SMALL HYDRO,2017,86.16
WR,MADHYA PRADESH,WIND,2017,2497.79
WR,MADHYA PRADESH,WASTE,2017,3.9
WR,MADHYA PRADESH,COGENERATION-BAGASSE,2017,93
WR,MADHYA PRADESH,SOLAR,2017,857.04
WR,MADHYA PRADESH,SMALL HYDRO,2018,86.16
WR,MADHYA PRADESH,WIND,2018,2519.89
WR,MADHYA PRADESH,WASTE,2018,15.4
WR,MADHYA PRADESH,COGENERATION-BAGASSE,2018,93
WR,MADHYA PRADESH,SOLAR,2018,1305.35
WR,MADHYA PRADESH,SMALL HYDRO,2019,95.91
WR,MADHYA PRADESH,WIND,2019,2519.89
WR,MADHYA PRADESH,WASTE,2019,15.4
WR,MADHYA PRADESH,COGENERATION-BAGASSE,2019,93
WR,MADHYA PRADESH,SOLAR,2019,1840.16
WR,MADHYA PRADESH,SMALL HYDRO,2020,95.91
WR,MADHYA PRADESH,WIND,2020,2519.89
WR,MADHYA PRADESH,WASTE,2020,15.4
WR,MADHYA PRADESH,COGENERATION-BAGASSE,2020,105.35
WR,MADHYA PRADESH,SOLAR,2020,2258.46
WR,MADHYA PRADESH,SMALL HYDRO,2015,86.16
WR,MADHYA PRADESH,WIND,2015,879.69
WR,MADHYA PRADESH,WASTE,2015,3.9
WR,MADHYA PRADESH,COGENERATION-BAGASSE,2015,68
WR,MADHYA PRADESH,SOLAR,2015,558.58
WR,MADHYA PRADESH,SMALL HYDRO,2016,86.16
WR,MADHYA PRADESH,WIND,2016,2141.09
WR,MADHYA PRADESH,WASTE,2016,3.9
WR,MADHYA PRADESH,COGENERATION-BAGASSE,2016,93
WR,MADHYA PRADESH,SOLAR,2016,776.37
WR,CHHATTISGARH,SMALL HYDRO,2008,18.05
WR,CHHATTISGARH,COGENERATION-BAGASSE,2008,146.3
WR,CHHATTISGARH,SMALL HYDRO,2009,18.05
WR,CHHATTISGARH,COGENERATION-BAGASSE,2009,156.1
WR,CHHATTISGARH,SMALL HYDRO,2010,19.05
WR,CHHATTISGARH,COGENERATION-BAGASSE,2010,199.9
WR,CHHATTISGARH,SMALL HYDRO,2011,19.05
WR,CHHATTISGARH,COGENERATION-BAGASSE,2011,231.9
WR,CHHATTISGARH,SMALL HYDRO,2012,20.25
WR,CHHATTISGARH,COGENERATION-BAGASSE,2012,249.9
WR,CHHATTISGARH,SOLAR,2012,4
WR,CHHATTISGARH,SMALL HYDRO,2013,52
WR,CHHATTISGARH,COGENERATION-BAGASSE,2013,249.9
WR,CHHATTISGARH,SOLAR,2013,4
WR,CHHATTISGARH,SMALL HYDRO,2014,52
WR,CHHATTISGARH,COGENERATION-BAGASSE,2014,264.9
WR,CHHATTISGARH,SOLAR,2014,7.1
WR,CHHATTISGARH,SMALL HYDRO,2017,76
WR,CHHATTISGARH,COGENERATION-BAGASSE,2017,228
WR,CHHATTISGARH,SOLAR,2017,128.86
WR,CHHATTISGARH,SMALL HYDRO,2018,76
WR,CHHATTISGARH,COGENERATION-BAGASSE,2018,228
WR,CHHATTISGARH,SOLAR,2018,231.35
WR,CHHATTISGARH,SMALL HYDRO,2019,76
WR,CHHATTISGARH,COGENERATION-BAGASSE,2019,228
WR,CHHATTISGARH,SOLAR,2019,231.35
WR,CHHATTISGARH,SMALL HYDRO,2020,76
WR,CHHATTISGARH,COGENERATION-BAGASSE,2020,244.5
WR,CHHATTISGARH,SOLAR,2020,231.35
WR,CHHATTISGARH,SMALL HYDRO,2015,52
WR,CHHATTISGARH,COGENERATION-BAGASSE,2015,218
WR,CHHATTISGARH,SOLAR,2015,7.6
WR,CHHATTISGARH,SMALL HYDRO,2016,52
WR,CHHATTISGARH,COGENERATION-BAGASSE,2016,228
WR,CHHATTISGARH,SOLAR,2016,93.58
NR,UTTAR PRADESH,SMALL HYDRO,2008,25.1
NR,UTTAR PRADESH,COGENERATION-BAGASSE,2008,200.5
NR,UTTAR PRADESH,WASTE,2008,5
NR,UTTAR PRADESH,SOLAR,2008,0.38
NR,UTTAR PRADESH,SMALL HYDRO,2009,25.1
NR,UTTAR PRADESH,COGENERATION-BAGASSE,2009,372.5
NR,UTTAR PRADESH,WASTE,2009,5
NR,UTTAR PRADESH,SOLAR,2009,0.38
NR,UTTAR PRADESH,SMALL HYDRO,2010,25.1
NR,UTTAR PRADESH,COGENERATION-BAGASSE,2010,567
NR,UTTAR PRADESH,WASTE,2010,5
NR,UTTAR PRADESH,SOLAR,2010,0.38
NR,UTTAR PRADESH,SMALL HYDRO,2011,25.1
NR,UTTAR PRADESH,COGENERATION-BAGASSE,2011,592.5
NR,UTTAR PRADESH,WASTE,2011,5
NR,UTTAR PRADESH,SOLAR,2011,0.38
NR,UTTAR PRADESH,SMALL HYDRO,2012,25.1
NR,UTTAR PRADESH,COGENERATION-BAGASSE,2012,644.5
NR,UTTAR PRADESH,WASTE,2012,5
NR,UTTAR PRADESH,SOLAR,2012,12.38
NR,UTTAR PRADESH,SMALL HYDRO,2013,25.1
NR,UTTAR PRADESH,COGENERATION-BAGASSE,2013,776.5
NR,UTTAR PRADESH,WASTE,2013,5
NR,UTTAR PRADESH,SOLAR,2013,17.375
NR,UTTAR PRADESH,SMALL HYDRO,2014,25.1
NR,UTTAR PRADESH,COGENERATION-BAGASSE,2014,776.5
NR,UTTAR PRADESH,WASTE,2014,5
NR,UTTAR PRADESH,SOLAR,2014,21.08
NR,UTTAR PRADESH,SMALL HYDRO,2017,25.1
NR,UTTAR PRADESH,COGENERATION-BAGASSE,2017,1933
NR,UTTAR PRADESH,SOLAR,2017,336.73
NR,UTTAR PRADESH,SMALL HYDRO,2018,25.1
NR,UTTAR PRADESH,COGENERATION-BAGASSE,2018,1957.5
NR,UTTAR PRADESH,SOLAR,2018,694.41
NR,UTTAR PRADESH,SMALL HYDRO,2019,25.1
NR,UTTAR PRADESH,COGENERATION-BAGASSE,2019,1957.5
NR,UTTAR PRADESH,SOLAR,2019,960.1
NR,UTTAR PRADESH,SMALL HYDRO,2020,25.1
NR,UTTAR PRADESH,COGENERATION-BAGASSE,2020,2115.51
NR,UTTAR PRADESH,SOLAR,2020,1095.1
NR,UTTAR PRADESH,SMALL HYDRO,2015,25.1
NR,UTTAR PRADESH,WASTE,2015,5
NR,UTTAR PRADESH,COGENERATION-BAGASSE,2015,1872.15
NR,UTTAR PRADESH,SOLAR,2015,71.26
NR,UTTAR PRADESH,SMALL HYDRO,2016,25.1
NR,UTTAR PRADESH,WASTE,2016,5
NR,UTTAR PRADESH,COGENERATION-BAGASSE,2016,1933
NR,UTTAR PRADESH,SOLAR,2016,143.495
WR,MAHARASHTRA,SMALL HYDRO,2008,211.33
WR,MAHARASHTRA,WIND,2008,1755.9
WR,MAHARASHTRA,COGENERATION-BAGASSE,2008,114
WR,MAHARASHTRA,WASTE,2008,1
WR,MAHARASHTRA,SMALL HYDRO,2009,211.33
WR,MAHARASHTRA,WIND,2009,1938.9
WR,MAHARASHTRA,COGENERATION-BAGASSE,2009,185.5
WR,MAHARASHTRA,WASTE,2009,1
WR,MAHARASHTRA,SMALL HYDRO,2010,245.33
WR,MAHARASHTRA,WIND,2010,2077.75
WR,MAHARASHTRA,COGENERATION-BAGASSE,2010,218.5
WR,MAHARASHTRA,WASTE,2010,5.7
WR,MAHARASHTRA,SMALL HYDRO,2011,275.13
WR,MAHARASHTRA,WIND,2011,2316.75
WR,MAHARASHTRA,COGENERATION-BAGASSE,2011,403
WR,MAHARASHTRA,WASTE,2011,5.72
WR,MAHARASHTRA,SOLAR,2011,4
WR,MAHARASHTRA,SMALL HYDRO,2012,281.33
WR,MAHARASHTRA,WIND,2012,2733.3
WR,MAHARASHTRA,COGENERATION-BAGASSE,2012,603.7
WR,MAHARASHTRA,WASTE,2012,5.72
WR,MAHARASHTRA,SOLAR,2012,20
WR,MAHARASHTRA,SMALL HYDRO,2013,299.925
WR,MAHARASHTRA,WIND,2013,3021.85
WR,MAHARASHTRA,COGENERATION-BAGASSE,2013,756.9
WR,MAHARASHTRA,WASTE,2013,9.72
WR,MAHARASHTRA,SOLAR,2013,100
WR,MAHARASHTRA,SMALL HYDRO,2014,327.43
WR,MAHARASHTRA,WIND,2014,4100.4
WR,MAHARASHTRA,COGENERATION-BAGASSE,2014,940.4
WR,MAHARASHTRA,WASTE,2014,12.72
WR,MAHARASHTRA,SOLAR,2014,249.25
WR,MAHARASHTRA,SMALL HYDRO,2017,346.175
WR,MAHARASHTRA,WIND,2017,4771.33
WR,MAHARASHTRA,WASTE,2017,12.72
WR,MAHARASHTRA,COGENERATION-BAGASSE,2017,2065
WR,MAHARASHTRA,SOLAR,2017,452.37
WR,MAHARASHTRA,SMALL HYDRO,2018,373.18
WR,MAHARASHTRA,WIND,2018,4783.93
WR,MAHARASHTRA,WASTE,2018,12.59
WR,MAHARASHTRA,COGENERATION-BAGASSE,2018,2170
WR,MAHARASHTRA,SOLAR,2018,1239.18
WR,MAHARASHTRA,SMALL HYDRO,2019,375.57
WR,MAHARASHTRA,WIND,2019,4794.13
WR,MAHARASHTRA,WASTE,2019,12.59
WR,MAHARASHTRA,COGENERATION-BAGASSE,2019,2499.7
WR,MAHARASHTRA,SOLAR,2019,1633.54
WR,MAHARASHTRA,SMALL HYDRO,2020,379.575
WR,MAHARASHTRA,WIND,2020,5000.33
WR,MAHARASHTRA,WASTE,2020,12.59
WR,MAHARASHTRA,COGENERATION-BAGASSE,2020,2516.1
WR,MAHARASHTRA,SOLAR,2020,1801.8
WR,MAHARASHTRA,SMALL HYDRO,2015,335.43
WR,MAHARASHTRA,WIND,2015,4445.93
WR,MAHARASHTRA,WASTE,2015,12.72
WR,MAHARASHTRA,COGENERATION-BAGASSE,2015,1833
WR,MAHARASHTRA,SOLAR,2015,360.75
WR,MAHARASHTRA,SMALL HYDRO,2016,339.875
WR,MAHARASHTRA,WIND,2016,4653.78
WR,MAHARASHTRA,WASTE,2016,12.72
WR,MAHARASHTRA,COGENERATION-BAGASSE,2016,1967
WR,MAHARASHTRA,SOLAR,2016,385.756
ER,ODISHA,SMALL HYDRO,2008,32.3
ER,ODISHA,WIND,2008,3.2
ER,ODISHA,SMALL HYDRO,2009,44.3
ER,ODISHA,WIND,2009,3.2
ER,ODISHA,SMALL HYDRO,2010,64.3
ER,ODISHA,SMALL HYDRO,2011,64.3
ER,ODISHA,SMALL HYDRO,2012,64.3
ER,ODISHA,COGENERATION-BAGASSE,2012,20
ER,ODISHA,SOLAR,2012,13
ER,ODISHA,SMALL HYDRO,2013,64.3
ER,ODISHA,COGENERATION-BAGASSE,2013,20
ER,ODISHA,SOLAR,2013,13
ER,ODISHA,SMALL HYDRO,2014,64.63
ER,ODISHA,COGENERATION-BAGASSE,2014,20
ER,ODISHA,SOLAR,2014,30.5
ER,ODISHA,SMALL HYDRO,2017,64.625
ER,ODISHA,COGENERATION-BAGASSE,2017,50.4
ER,ODISHA,SOLAR,2017,79.42
ER,ODISHA,SMALL HYDRO,2018,64.63
ER,ODISHA,COGENERATION-BAGASSE,2018,50.4
ER,ODISHA,SOLAR,2018,79.57
ER,ODISHA,SMALL HYDRO,2019,64.625
ER,ODISHA,COGENERATION-BAGASSE,2019,50.4
ER,ODISHA,SOLAR,2019,394.73
ER,ODISHA,SMALL HYDRO,2020,64.625
ER,ODISHA,COGENERATION-BAGASSE,2020,59.22
ER,ODISHA,SOLAR,2020,397.84
ER,ODISHA,SMALL HYDRO,2015,64.625
ER,ODISHA,COGENERATION-BAGASSE,2015,50.4
ER,ODISHA,SOLAR,2015,31.76
ER,ODISHA,SMALL HYDRO,2016,64.625
ER,ODISHA,COGENERATION-BAGASSE,2016,50.4
ER,ODISHA,SOLAR,2016,66.92
SR,ANDHRA PRADESH,SMALL HYDRO,2008,180.83
SR,ANDHRA PRADESH,WIND,2008,122.5
SR,ANDHRA PRADESH,COGENERATION-BAGASSE,2008,334.25
SR,ANDHRA PRADESH,WASTE,2008,32
SR,ANDHRA PRADESH,SOLAR,2008,0.1
SR,ANDHRA PRADESH,SMALL HYDRO,2009,180.83
SR,ANDHRA PRADESH,WIND,2009,122.5
SR,ANDHRA PRADESH,COGENERATION-BAGASSE,2009,343.55
SR,ANDHRA PRADESH,WASTE,2009,35.25
SR,ANDHRA PRADESH,SOLAR,2009,0.1
SR,ANDHRA PRADESH,SMALL HYDRO,2010,186.83
SR,ANDHRA PRADESH,WIND,2010,136.1
SR,ANDHRA PRADESH,COGENERATION-BAGASSE,2010,363.25
SR,ANDHRA PRADESH,WASTE,2010,35.66
SR,ANDHRA PRADESH,SOLAR,2010,0.1
SR,ANDHRA PRADESH,SMALL HYDRO,2011,191.43
SR,ANDHRA PRADESH,WIND,2011,191.5
SR,ANDHRA PRADESH,COGENERATION-BAGASSE,2011,363.25
SR,ANDHRA PRADESH,WASTE,2011,43.16
SR,ANDHRA PRADESH,SOLAR,2011,2.1
SR,ANDHRA PRADESH,SMALL HYDRO,2012,217.83
SR,ANDHRA PRADESH,WIND,2012,245.55
SR,ANDHRA PRADESH,COGENERATION-BAGASSE,2012,363.25
SR,ANDHRA PRADESH,WASTE,2012,43.16
SR,ANDHRA PRADESH,SOLAR,2012,21.75
SR,ANDHRA PRADESH,SMALL HYDRO,2013,219.03
SR,ANDHRA PRADESH,WIND,2013,447.65
SR,ANDHRA PRADESH,COGENERATION-BAGASSE,2013,380.75
SR,ANDHRA PRADESH,WASTE,2013,43.16
SR,ANDHRA PRADESH,SOLAR,2013,23.35
SR,ANDHRA PRADESH,SMALL HYDRO,2014,221.03
SR,ANDHRA PRADESH,WIND,2014,746.2
SR,ANDHRA PRADESH,COGENERATION-BAGASSE,2014,380.75
SR,ANDHRA PRADESH,WASTE,2014,50.66
SR,ANDHRA PRADESH,SOLAR,2014,131.84
SR,ANDHRA PRADESH,SMALL HYDRO,2017,241.98
SR,ANDHRA PRADESH,WIND,2017,3618.85
SR,ANDHRA PRADESH,WASTE,2017,58.16
SR,ANDHRA PRADESH,COGENERATION-BAGASSE,2017,378.2
SR,ANDHRA PRADESH,SOLAR,2017,1867.23
SR,ANDHRA PRADESH,SMALL HYDRO,2018,162.11
SR,ANDHRA PRADESH,WIND,2018,3966.95
SR,ANDHRA PRADESH,WASTE,2018,23.16
SR,ANDHRA PRADESH,COGENERATION-BAGASSE,2018,378.2
SR,ANDHRA PRADESH,SOLAR,2018,2195.46
SR,ANDHRA PRADESH,SMALL HYDRO,2019,162.11
SR,ANDHRA PRADESH,WIND,2019,4090.45
SR,ANDHRA PRADESH,WASTE,2019,23.16
SR,ANDHRA PRADESH,COGENERATION-BAGASSE,2019,378.2
SR,ANDHRA PRADESH,SOLAR,2019,3085.68
SR,ANDHRA PRADESH,SMALL HYDRO,2020,162.11
SR,ANDHRA PRADESH,WIND,2020,4092.45
SR,ANDHRA PRADESH,WASTE,2020,23.16
SR,ANDHRA PRADESH,COGENERATION-BAGASSE,2020,477.18
SR,ANDHRA PRADESH,SOLAR,2020,3610.02
SR,ANDHRA PRADESH,SMALL HYDRO,2015,223.23
SR,ANDHRA PRADESH,WIND,2015,1031.3
SR,ANDHRA PRADESH,WASTE,2015,50.66
SR,ANDHRA PRADESH,COGENERATION-BAGASSE,2015,378.2
SR,ANDHRA PRADESH,SOLAR,2015,242.86
SR,ANDHRA PRADESH,SMALL HYDRO,2016,232.98
SR,ANDHRA PRADESH,WIND,2016,1431.4
SR,ANDHRA PRADESH,WASTE,2016,50.66
SR,ANDHRA PRADESH,COGENERATION-BAGASSE,2016,378.2
SR,ANDHRA PRADESH,SOLAR,2016,572.96
SR,TELANGANA,SMALL HYDRO,2017,0
SR,TELANGANA,WIND,2017,100.8
SR,TELANGANA,WASTE,2017,5
SR,TELANGANA,COGENERATION-BAGASSE,2017,158.1
SR,TELANGANA,SOLAR,2017,1286.98
SR,TELANGANA,SMALL HYDRO,2018,90.87
SR,TELANGANA,WIND,2018,100.8
SR,TELANGANA,WASTE,2018,18.5
SR,TELANGANA,COGENERATION-BAGASSE,2018,158.1
SR,TELANGANA,SOLAR,2018,3291.25
SR,TELANGANA,SMALL HYDRO,2019,90.87
SR,TELANGANA,WIND,2019,128.1
SR,TELANGANA,WASTE,2019,18.5
SR,TELANGANA,COGENERATION-BAGASSE,2019,158.1
SR,TELANGANA,SOLAR,2019,3592.09
SR,TELANGANA,SMALL HYDRO,2020,90.87
SR,TELANGANA,WIND,2020,128.1
SR,TELANGANA,WASTE,2020,26
SR,TELANGANA,COGENERATION-BAGASSE,2020,159.1
SR,TELANGANA,SOLAR,2020,3620.75
SR,TELANGANA,SOLAR,2015,61.25
SR,TELANGANA,WIND,2016,77.7
SR,TELANGANA,COGENERATION-BAGASSE,2016,158.1
SR,TELANGANA,SOLAR,2016,527.843
ER,SIKKIM,SMALL HYDRO,2008,39.11
ER,SIKKIM,SMALL HYDRO,2009,47.11
ER,SIKKIM,SMALL HYDRO,2010,47.11
ER,SIKKIM,SMALL HYDRO,2011,52.11
ER,SIKKIM,SMALL HYDRO,2012,52.11
ER,SIKKIM,SMALL HYDRO,2013,52.11
ER,SIKKIM,SMALL HYDRO,2014,52.11
ER,SIKKIM,SMALL HYDRO,2017,52.11
ER,SIKKIM,SOLAR,2017,0
ER,SIKKIM,SMALL HYDRO,2018,52.11
ER,SIKKIM,SOLAR,2018,0
ER,SIKKIM,SMALL HYDRO,2019,52.11
ER,SIKKIM,SOLAR,2019,0.01
ER,SIKKIM,SMALL HYDRO,2020,52.11
ER,SIKKIM,SOLAR,2020,0.07
ER,SIKKIM,SMALL HYDRO,2015,52.11
ER,SIKKIM,SMALL HYDRO,2016,52.11
NER,ASSAM,SMALL HYDRO,2008,27.11
NER,ASSAM,SMALL HYDRO,2009,27.11
NER,ASSAM,SMALL HYDRO,2010,27.11
NER,ASSAM,SMALL HYDRO,2011,27.11
NER,ASSAM,SMALL HYDRO,2012,31.11
NER,ASSAM,SMALL HYDRO,2013,31.11
NER,ASSAM,SMALL HYDRO,2014,34.11
NER,ASSAM,SMALL HYDRO,2017,34.11
NER,ASSAM,SOLAR,2017,11.78
NER,ASSAM,SMALL HYDRO,2018,34.11
NER,ASSAM,SOLAR,2018,12.45
NER,ASSAM,SMALL HYDRO,2019,34.11
NER,ASSAM,SOLAR,2019,22.4
NER,ASSAM,SMALL HYDRO,2020,34.11
NER,ASSAM,SOLAR,2020,41.23
NER,ASSAM,SMALL HYDRO,2015,34.11
NER,ASSAM,SMALL HYDRO,2016,34.11
NER,ARUNACHAL PRADESH,SMALL HYDRO,2008,45.24
NER,ARUNACHAL PRADESH,SOLAR,2008,0.02
NER,ARUNACHAL PRADESH,SMALL HYDRO,2009,61.32
NER,ARUNACHAL PRADESH,SOLAR,2009,0.02
NER,ARUNACHAL PRADESH,SMALL HYDRO,2010,73.42
NER,ARUNACHAL PRADESH,SOLAR,2010,0.03
NER,ARUNACHAL PRADESH,SMALL HYDRO,2011,78.84
NER,ARUNACHAL PRADESH,SOLAR,2011,0.03
NER,ARUNACHAL PRADESH,SMALL HYDRO,2012,79.23
NER,ARUNACHAL PRADESH,SOLAR,2012,0.03
NER,ARUNACHAL PRADESH,SMALL HYDRO,2013,103.905
NER,ARUNACHAL PRADESH,SOLAR,2013,0.025
NER,ARUNACHAL PRADESH,SMALL HYDRO,2014,103.91
NER,ARUNACHAL PRADESH,SOLAR,2014,0.03
NER,ARUNACHAL PRADESH,SMALL HYDRO,2017,104.605
NER,ARUNACHAL PRADESH,SOLAR,2017,0.265
NER,ARUNACHAL PRADESH,SMALL HYDRO,2018,104.61
NER,ARUNACHAL PRADESH,SOLAR,2018,5.39
NER,ARUNACHAL PRADESH,SMALL HYDRO,2019,131.105
NER,ARUNACHAL PRADESH,SOLAR,2019,5.39
NER,ARUNACHAL PRADESH,SMALL HYDRO,2020,131.105
NER,ARUNACHAL PRADESH,SOLAR,2020,5.61
NER,ARUNACHAL PRADESH,SMALL HYDRO,2015,104.605
NER,ARUNACHAL PRADESH,SOLAR,2015,0.025
NER,ARUNACHAL PRADESH,SMALL HYDRO,2016,104.605
NER,ARUNACHAL PRADESH,SOLAR,2016,0.265
NER,MEGHALAYA,SMALL HYDRO,2008,31.03
NER,MEGHALAYA,SMALL HYDRO,2009,31.03
NER,MEGHALAYA,SMALL HYDRO,2010,31.03
NER,MEGHALAYA,SMALL HYDRO,2011,31.03
NER,MEGHALAYA,SMALL HYDRO,2012,31.03
NER,MEGHALAYA,SMALL HYDRO,2013,31.03
NER,MEGHALAYA,SMALL HYDRO,2014,31.03
NER,MEGHALAYA,SMALL HYDRO,2017,31.03
NER,MEGHALAYA,SOLAR,2017,0.01
NER,MEGHALAYA,SMALL HYDRO,2018,31.03
NER,MEGHALAYA,SOLAR,2018,0.02
NER,MEGHALAYA,SMALL HYDRO,2019,32.53
NER,MEGHALAYA,SOLAR,2019,0.12
NER,MEGHALAYA,SMALL HYDRO,2020,32.53
NER,MEGHALAYA,COGENERATION-BAGASSE,2020,13.8
NER,MEGHALAYA,SOLAR,2020,0.12
NER,MEGHALAYA,SMALL HYDRO,2015,31.03
NER,MEGHALAYA,SMALL HYDRO,2016,31.03
NER,NAGALAND,SMALL HYDRO,2008,28.67
NER,NAGALAND,SMALL HYDRO,2009,28.67
NER,NAGALAND,SMALL HYDRO,2010,28.67
NER,NAGALAND,SMALL HYDRO,2011,28.67
NER,NAGALAND,SMALL HYDRO,2012,28.67
NER,NAGALAND,SMALL HYDRO,2013,28.67
NER,NAGALAND,SMALL HYDRO,2014,29.67
NER,NAGALAND,SMALL HYDRO,2017,30.67
NER,NAGALAND,SOLAR,2017,0.5
NER,NAGALAND,SMALL HYDRO,2018,30.67
NER,NAGALAND,SOLAR,2018,1
NER,NAGALAND,SMALL HYDRO,2019,30.67
NER,NAGALAND,SOLAR,2019,1
NER,NAGALAND,SMALL HYDRO,2020,30.67
NER,NAGALAND,SOLAR,2020,1
NER,NAGALAND,SMALL HYDRO,2015,29.67
NER,NAGALAND,SMALL HYDRO,2016,30.67
WR,GUJARAT,SMALL HYDRO,2008,7
WR,GUJARAT,WIND,2008,1252.9
WR,GUJARAT,COGENERATION-BAGASSE,2008,0.5
WR,GUJARAT,WASTE,2008,0.5
WR,GUJARAT,SMALL HYDRO,2009,7
WR,GUJARAT,WIND,2009,1566.5
WR,GUJARAT,COGENERATION-BAGASSE,2009,0.5
WR,GUJARAT,WASTE,2009,0.5
WR,GUJARAT,SMALL HYDRO,2010,12.6
WR,GUJARAT,WIND,2010,1863.63
WR,GUJARAT,COGENERATION-BAGASSE,2010,0.5
WR,GUJARAT,SMALL HYDRO,2011,15.6
WR,GUJARAT,WIND,2011,2176.43
WR,GUJARAT,COGENERATION-BAGASSE,2011,0.5
WR,GUJARAT,SOLAR,2011,5
WR,GUJARAT,SMALL HYDRO,2012,15.6
WR,GUJARAT,WIND,2012,2966.28
WR,GUJARAT,COGENERATION-BAGASSE,2012,20.5
WR,GUJARAT,SOLAR,2012,604.89
WR,GUJARAT,SMALL HYDRO,2013,15.6
WR,GUJARAT,WIND,2013,3174.58
WR,GUJARAT,COGENERATION-BAGASSE,2013,30.5
WR,GUJARAT,SOLAR,2013,857.9
WR,GUJARAT,SMALL HYDRO,2014,15.6
WR,GUJARAT,WIND,2014,3454.3
WR,GUJARAT,COGENERATION-BAGASSE,2014,43.9
WR,GUJARAT,SOLAR,2014,916.4
WR,GUJARAT,SMALL HYDRO,2017,16.6
WR,GUJARAT,WIND,2017,5340.62
WR,GUJARAT,COGENERATION-BAGASSE,2017,65.3
WR,GUJARAT,SOLAR,2017,1249.37
WR,GUJARAT,SMALL HYDRO,2018,28.6
WR,GUJARAT,WIND,2018,5613.42
WR,GUJARAT,COGENERATION-BAGASSE,2018,65.3
WR,GUJARAT,SOLAR,2018,1588
WR,GUJARAT,SMALL HYDRO,2019,61.3
WR,GUJARAT,WIND,2019,6073.07
WR,GUJARAT,COGENERATION-BAGASSE,2019,65.3
WR,GUJARAT,SOLAR,2019,2440.13
WR,GUJARAT,SMALL HYDRO,2020,68.95
WR,GUJARAT,WIND,2020,7491.52
WR,GUJARAT,COGENERATION-BAGASSE,2020,77.3
WR,GUJARAT,SOLAR,2020,2948.37
WR,GUJARAT,SMALL HYDRO,2015,16.6
WR,GUJARAT,WIND,2015,3556.22
WR,GUJARAT,COGENERATION-BAGASSE,2015,65.3
WR,GUJARAT,SOLAR,2015,1000.05
WR,GUJARAT,SMALL HYDRO,2016,16.6
WR,GUJARAT,WIND,2016,3948.62
WR,GUJARAT,COGENERATION-BAGASSE,2016,65.3
WR,GUJARAT,SOLAR,2016,1119.173
NR,JAMMU & KASHMIR,SMALL HYDRO,2008,111.83
NR,JAMMU & KASHMIR,SMALL HYDRO,2009,111.83
NR,JAMMU & KASHMIR,SMALL HYDRO,2010,129.33
NR,JAMMU & KASHMIR,SMALL HYDRO,2011,129.33
NR,JAMMU & KASHMIR,SMALL HYDRO,2012,130.53
NR,JAMMU & KASHMIR,SMALL HYDRO,2013,130.53
NR,JAMMU & KASHMIR,SMALL HYDRO,2014,147.53
NR,JAMMU & KASHMIR,SMALL HYDRO,2017,158.03
NR,JAMMU & KASHMIR,SOLAR,2017,1.36
NR,JAMMU & KASHMIR,SMALL HYDRO,2018,179.03
NR,JAMMU & KASHMIR,SOLAR,2018,1.36
NR,JAMMU & KASHMIR,SMALL HYDRO,2019,179.03
NR,JAMMU & KASHMIR,SOLAR,2019,14.83
NR,JAMMU & KASHMIR,SMALL HYDRO,2020,180.48
NR,JAMMU & KASHMIR,SOLAR,2020,19.3
NR,JAMMU & KASHMIR,SMALL HYDRO,2015,156.53
NR,JAMMU & KASHMIR,SMALL HYDRO,2016,156.53
NR,JAMMU & KASHMIR,SOLAR,2016,1
SR,KERALA,SMALL HYDRO,2008,123.12
SR,KERALA,WIND,2008,10.5
SR,KERALA,SOLAR,2008,0.02
SR,KERALA,SMALL HYDRO,2009,133.87
SR,KERALA,WIND,2009,27
SR,KERALA,SOLAR,2009,0.02
SR,KERALA,SMALL HYDRO,2010,133.87
SR,KERALA,WIND,2010,27.75
SR,KERALA,SOLAR,2010,0.03
SR,KERALA,SMALL HYDRO,2011,136.87
SR,KERALA,WIND,2011,35
SR,KERALA,SOLAR,2011,0.03
SR,KERALA,SMALL HYDRO,2012,149.67
SR,KERALA,SOLAR,2012,0.84
SR,KERALA,SMALL HYDRO,2013,158.42
SR,KERALA,WIND,2013,35.1
SR,KERALA,SOLAR,2013,0.025
SR,KERALA,SMALL HYDRO,2014,158.42
SR,KERALA,WIND,2014,35.2
SR,KERALA,SOLAR,2014,0.03
SR,KERALA,SMALL HYDRO,2017,213.02
SR,KERALA,WIND,2017,51.5
SR,KERALA,SOLAR,2017,74.2
SR,KERALA,SMALL HYDRO,2018,219.02
SR,KERALA,WIND,2018,52.5
SR,KERALA,SOLAR,2018,107.94
SR,KERALA,SMALL HYDRO,2019,222.02
SR,KERALA,WIND,2019,52.5
SR,KERALA,SOLAR,2019,138.59
SR,KERALA,SMALL HYDRO,2020,222.02
SR,KERALA,WIND,2020,62.5
SR,KERALA,COGENERATION-BAGASSE,2020,0.72
SR,KERALA,SOLAR,2020,142.23
SR,KERALA,SMALL HYDRO,2015,168.92
SR,KERALA,WIND,2015,35.1
SR,KERALA,SOLAR,2015,0.025
SR,KERALA,SMALL HYDRO,2016,198.92
SR,KERALA,WIND,2016,43.5
SR,KERALA,SOLAR,2016,13.045
SR,PUDUCHERRY,SOLAR,2008,0.02
SR,PUDUCHERRY,SOLAR,2009,0.02
SR,PUDUCHERRY,SOLAR,2010,0.03
SR,PUDUCHERRY,SOLAR,2011,0.79
SR,PUDUCHERRY,SOLAR,2012,0.03
SR,PUDUCHERRY,SOLAR,2013,0.025
SR,PUDUCHERRY,SOLAR,2014,0.03
SR,PUDUCHERRY,SOLAR,2017,0.08
SR,PUDUCHERRY,SOLAR,2018,0.16
SR,PUDUCHERRY,SOLAR,2019,3.14
SR,PUDUCHERRY,SOLAR,2020,5.51
SR,PUDUCHERRY,SOLAR,2015,0.025
SR,PUDUCHERRY,SOLAR,2016,0.025
NR,RAJASTHAN,SMALL HYDRO,2008,23.85
NR,RAJASTHAN,WIND,2008,538.8
NR,RAJASTHAN,COGENERATION-BAGASSE,2008,23.3
NR,RAJASTHAN,SOLAR,2008,0.15
NR,RAJASTHAN,SMALL HYDRO,2009,23.85
NR,RAJASTHAN,WIND,2009,738.4
NR,RAJASTHAN,COGENERATION-BAGASSE,2009,31.3
NR,RAJASTHAN,SOLAR,2009,0.15
NR,RAJASTHAN,SMALL HYDRO,2010,23.85
NR,RAJASTHAN,WIND,2010,1088.3
NR,RAJASTHAN,COGENERATION-BAGASSE,2010,31.3
NR,RAJASTHAN,SOLAR,2010,0.15
NR,RAJASTHAN,SMALL HYDRO,2011,23.85
NR,RAJASTHAN,WIND,2011,1525
NR,RAJASTHAN,COGENERATION-BAGASSE,2011,73.3
NR,RAJASTHAN,SOLAR,2011,5.15
NR,RAJASTHAN,SMALL HYDRO,2012,23.85
NR,RAJASTHAN,WIND,2012,2070.65
NR,RAJASTHAN,COGENERATION-BAGASSE,2012,83.3
NR,RAJASTHAN,SOLAR,2012,197.65
NR,RAJASTHAN,SMALL HYDRO,2013,23.85
NR,RAJASTHAN,WIND,2013,2684.65
NR,RAJASTHAN,COGENERATION-BAGASSE,2013,91.3
NR,RAJASTHAN,SOLAR,2013,552.9
NR,RAJASTHAN,SMALL HYDRO,2014,23.85
NR,RAJASTHAN,WIND,2014,2784.9
NR,RAJASTHAN,COGENERATION-BAGASSE,2014,101.3
NR,RAJASTHAN,SOLAR,2014,730.1
NR,RAJASTHAN,SMALL HYDRO,2017,23.85
NR,RAJASTHAN,WIND,2017,4281.72
NR,RAJASTHAN,COGENERATION-BAGASSE,2017,119.3
NR,RAJASTHAN,SOLAR,2017,1812.93
NR,RAJASTHAN,SMALL HYDRO,2018,23.85
NR,RAJASTHAN,WIND,2018,4297.72
NR,RAJASTHAN,COGENERATION-BAGASSE,2018,119.3
NR,RAJASTHAN,SOLAR,2018,2332.77
NR,RAJASTHAN,SMALL HYDRO,2019,23.85
NR,RAJASTHAN,WIND,2019,4299.72
NR,RAJASTHAN,COGENERATION-BAGASSE,2019,119.3
NR,RAJASTHAN,SOLAR,2019,3226.79
NR,RAJASTHAN,SMALL HYDRO,2020,23.85
NR,RAJASTHAN,WIND,2020,4299.72
NR,RAJASTHAN,COGENERATION-BAGASSE,2020,121.3
NR,RAJASTHAN,SOLAR,2020,5137.91
NR,RAJASTHAN,SMALL HYDRO,2015,23.85
NR,RAJASTHAN,WIND,2015,3308.52
NR,RAJASTHAN,COGENERATION-BAGASSE,2015,114.35
NR,RAJASTHAN,SOLAR,2015,942.1
NR,RAJASTHAN,SMALL HYDRO,2016,23.85
NR,RAJASTHAN,WIND,2016,3994.02
NR,RAJASTHAN,COGENERATION-BAGASSE,2016,114.35
NR,RAJASTHAN,SOLAR,2016,1269.932
SR,TAMILNADU,SMALL HYDRO,2008,89.7
SR,TAMILNADU,WIND,2008,3873.4
SR,TAMILNADU,COGENERATION-BAGASSE,2008,290.5
SR,TAMILNADU,WASTE,2008,4.25
SR,TAMILNADU,SOLAR,2008,0.05
SR,TAMILNADU,SMALL HYDRO,2009,90.05
SR,TAMILNADU,WIND,2009,4304.5
SR,TAMILNADU,COGENERATION-BAGASSE,2009,333.7
SR,TAMILNADU,WASTE,2009,4.25
SR,TAMILNADU,SOLAR,2009,0.05
SR,TAMILNADU,SMALL HYDRO,2010,90.05
SR,TAMILNADU,WIND,2010,4906.72
SR,TAMILNADU,COGENERATION-BAGASSE,2010,395.7
SR,TAMILNADU,WASTE,2010,5.65
SR,TAMILNADU,SOLAR,2010,0.05
SR,TAMILNADU,SMALL HYDRO,2011,96.55
SR,TAMILNADU,WIND,2011,5904.12
SR,TAMILNADU,COGENERATION-BAGASSE,2011,488.2
SR,TAMILNADU,WASTE,2011,5.65
SR,TAMILNADU,SOLAR,2011,5.05
SR,TAMILNADU,SMALL HYDRO,2012,123.05
SR,TAMILNADU,WIND,2012,6987.58
SR,TAMILNADU,COGENERATION-BAGASSE,2012,532.7
SR,TAMILNADU,WASTE,2012,5.65
SR,TAMILNADU,SOLAR,2012,15.05
SR,TAMILNADU,SMALL HYDRO,2013,123.05
SR,TAMILNADU,WIND,2013,7162.18
SR,TAMILNADU,COGENERATION-BAGASSE,2013,538.7
SR,TAMILNADU,WASTE,2013,8.05
SR,TAMILNADU,SOLAR,2013,17.105
SR,TAMILNADU,SMALL HYDRO,2014,123.05
SR,TAMILNADU,WIND,2014,7269.5
SR,TAMILNADU,COGENERATION-BAGASSE,2014,571.3
SR,TAMILNADU,WASTE,2014,8.05
SR,TAMILNADU,SOLAR,2014,98.36
SR,TAMILNADU,SMALL HYDRO,2017,123.05
SR,TAMILNADU,WIND,2017,7865.76
SR,TAMILNADU,WASTE,2017,8.05
SR,TAMILNADU,COGENERATION-BAGASSE,2017,878
SR,TAMILNADU,SOLAR,2017,1750.14
SR,TAMILNADU,SMALL HYDRO,2018,123.05
SR,TAMILNADU,WIND,2018,8201.39
SR,TAMILNADU,WASTE,2018,6.4
SR,TAMILNADU,COGENERATION-BAGASSE,2018,926
SR,TAMILNADU,SOLAR,2018,1908.57
SR,TAMILNADU,SMALL HYDRO,2019,123.05
SR,TAMILNADU,WIND,2019,8973.21
SR,TAMILNADU,WASTE,2019,6.4
SR,TAMILNADU,COGENERATION-BAGASSE,2019,969
SR,TAMILNADU,SOLAR,2019,2575.22
SR,TAMILNADU,SMALL HYDRO,2020,123.05
SR,TAMILNADU,WIND,2020,9308.64
SR,TAMILNADU,WASTE,2020,6.4
SR,TAMILNADU,COGENERATION-BAGASSE,2020,997.55
SR,TAMILNADU,SOLAR,2020,3915.88
SR,TAMILNADU,SMALL HYDRO,2015,123.05
SR,TAMILNADU,WIND,2015,7459.39
SR,TAMILNADU,WASTE,2015,8.05
SR,TAMILNADU,COGENERATION-BAGASSE,2015,1036.1
SR,TAMILNADU,SOLAR,2015,143.37
SR,TAMILNADU,SMALL HYDRO,2016,123.05
SR,TAMILNADU,WIND,2016,7618.19
SR,TAMILNADU,WASTE,2016,8.05
SR,TAMILNADU,COGENERATION-BAGASSE,2016,878
SR,TAMILNADU,SOLAR,2016,1120.131
NR,DELHI,SOLAR,2010,0.05
NR,DELHI,SOLAR,2011,2.14
NR,DELHI,WASTE,2012,16
NR,DELHI,SOLAR,2012,2.53
NR,DELHI,WASTE,2013,16
NR,DELHI,SOLAR,2013,2.556
NR,DELHI,WASTE,2014,16
NR,DELHI,SOLAR,2014,5.15
NR,DELHI,WASTE,2017,16
NR,DELHI,SOLAR,2017,40.27
NR,DELHI,WASTE,2018,52
NR,DELHI,SOLAR,2018,69.57
NR,DELHI,WASTE,2019,52
NR,DELHI,SOLAR,2019,126.89
NR,DELHI,WASTE,2020,52
NR,DELHI,SOLAR,2020,165.16
NR,DELHI,SOLAR,2015,5.465
NR,DELHI,SOLAR,2016,14.28
NR,HARYANA,SMALL HYDRO,2008,62.7
NR,HARYANA,SMALL HYDRO,2009,62.7
NR,HARYANA,SMALL HYDRO,2010,70.1
NR,HARYANA,COGENERATION-BAGASSE,2010,7.8
NR,HARYANA,SMALL HYDRO,2011,70.1
NR,HARYANA,COGENERATION-BAGASSE,2011,35.8
NR,HARYANA,SMALL HYDRO,2012,70.1
NR,HARYANA,COGENERATION-BAGASSE,2012,35.8
NR,HARYANA,SOLAR,2012,16.8
NR,HARYANA,SMALL HYDRO,2013,70.1
NR,HARYANA,COGENERATION-BAGASSE,2013,45.3
NR,HARYANA,SOLAR,2013,7.8
NR,HARYANA,SMALL HYDRO,2014,70.1
NR,HARYANA,COGENERATION-BAGASSE,2014,45.3
NR,HARYANA,SOLAR,2014,10.3
NR,HARYANA,SMALL HYDRO,2017,73.5
NR,HARYANA,COGENERATION-BAGASSE,2017,96.4
NR,HARYANA,SOLAR,2017,81.4
NR,HARYANA,SMALL HYDRO,2018,73.5
NR,HARYANA,COGENERATION-BAGASSE,2018,121.4
NR,HARYANA,SOLAR,2018,216.85
NR,HARYANA,SMALL HYDRO,2019,73.5
NR,HARYANA,COGENERATION-BAGASSE,2019,121.4
NR,HARYANA,SOLAR,2019,224.52
NR,HARYANA,SMALL HYDRO,2020,73.5
NR,HARYANA,COGENERATION-BAGASSE,2020,205.66
NR,HARYANA,SOLAR,2020,252.14
NR,HARYANA,SMALL HYDRO,2015,71.5
NR,HARYANA,COGENERATION-BAGASSE,2015,96.4
NR,HARYANA,SOLAR,2015,12.8
NR,HARYANA,SMALL HYDRO,2016,73.5
NR,HARYANA,COGENERATION-BAGASSE,2016,96.4
NR,HARYANA,SOLAR,2016,15.387
NR,HIMACHAL PRADESH,SMALL HYDRO,2008,162.62
NR,HIMACHAL PRADESH,SMALL HYDRO,2009,230.92
NR,HIMACHAL PRADESH,SMALL HYDRO,2010,330.32
NR,HIMACHAL PRADESH,SMALL HYDRO,2011,393.47
NR,HIMACHAL PRADESH,SMALL HYDRO,2012,527.66
NR,HIMACHAL PRADESH,SMALL HYDRO,2013,587.905
NR,HIMACHAL PRADESH,SMALL HYDRO,2014,638.91
NR,HIMACHAL PRADESH,SMALL HYDRO,2017,831.81
NR,HIMACHAL PRADESH,SOLAR,2017,0.73
NR,HIMACHAL PRADESH,SMALL HYDRO,2018,853.11
NR,HIMACHAL PRADESH,SOLAR,2018,0.73
NR,HIMACHAL PRADESH,SMALL HYDRO,2019,860.61
NR,HIMACHAL PRADESH,SOLAR,2019,22.68
NR,HIMACHAL PRADESH,SMALL HYDRO,2020,911.51
NR,HIMACHAL PRADESH,COGENERATION-BAGASSE,2020,7.2
NR,HIMACHAL PRADESH,SOLAR,2020,32.93
NR,HIMACHAL PRADESH,SMALL HYDRO,2015,723.91
NR,HIMACHAL PRADESH,SMALL HYDRO,2016,793.31
NR,HIMACHAL PRADESH,SOLAR,2016,0.201
SR,KARNATAKA,SMALL HYDRO,2008,464
SR,KARNATAKA,WIND,2008,1011.4
SR,KARNATAKA,COGENERATION-BAGASSE,2008,262.28
SR,KARNATAKA,WASTE,2008,1
SR,KARNATAKA,SMALL HYDRO,2009,563.45
SR,KARNATAKA,WIND,2009,1327.4
SR,KARNATAKA,COGENERATION-BAGASSE,2009,294.18
SR,KARNATAKA,WASTE,2009,1
SR,KARNATAKA,SMALL HYDRO,2010,640.45
SR,KARNATAKA,WIND,2010,1472.8
SR,KARNATAKA,COGENERATION-BAGASSE,2010,336.18
SR,KARNATAKA,WASTE,2010,1
SR,KARNATAKA,SOLAR,2010,6
SR,KARNATAKA,SMALL HYDRO,2011,783.35
SR,KARNATAKA,WIND,2011,1726.85
SR,KARNATAKA,COGENERATION-BAGASSE,2011,365.18
SR,KARNATAKA,WASTE,2011,1
SR,KARNATAKA,SOLAR,2011,6
SR,KARNATAKA,SMALL HYDRO,2012,882.45
SR,KARNATAKA,WIND,2012,1933.5
SR,KARNATAKA,COGENERATION-BAGASSE,2012,441.18
SR,KARNATAKA,WASTE,2012,1
SR,KARNATAKA,SOLAR,2012,9
SR,KARNATAKA,SMALL HYDRO,2013,963.758
SR,KARNATAKA,WIND,2013,2135.15
SR,KARNATAKA,COGENERATION-BAGASSE,2013,491.38
SR,KARNATAKA,WASTE,2013,1
SR,KARNATAKA,SOLAR,2013,14
SR,KARNATAKA,SMALL HYDRO,2014,1031.66
SR,KARNATAKA,WIND,2014,2318.2
SR,KARNATAKA,COGENERATION-BAGASSE,2014,603.28
SR,KARNATAKA,WASTE,2014,1
SR,KARNATAKA,SOLAR,2014,31
SR,KARNATAKA,SMALL HYDRO,2017,1225.73
SR,KARNATAKA,WIND,2017,3751.4
SR,KARNATAKA,WASTE,2017,1
SR,KARNATAKA,COGENERATION-BAGASSE,2017,1452
SR,KARNATAKA,SOLAR,2017,1027.84
SR,KARNATAKA,SMALL HYDRO,2018,1230.73
SR,KARNATAKA,WIND,2018,4509.4
SR,KARNATAKA,WASTE,2018,1
SR,KARNATAKA,COGENERATION-BAGASSE,2018,1753.6
SR,KARNATAKA,SOLAR,2018,4944.12
SR,KARNATAKA,SMALL HYDRO,2019,1254.73
SR,KARNATAKA,WIND,2019,4694.9
SR,KARNATAKA,WASTE,2019,1
SR,KARNATAKA,COGENERATION-BAGASSE,2019,1783.6
SR,KARNATAKA,SOLAR,2019,6095.56
SR,KARNATAKA,SMALL HYDRO,2020,1280.73
SR,KARNATAKA,WIND,2020,4790.6
SR,KARNATAKA,WASTE,2020,1
SR,KARNATAKA,COGENERATION-BAGASSE,2020,1881.8
SR,KARNATAKA,SOLAR,2020,7277.93
SR,KARNATAKA,SMALL HYDRO,2015,1129.73
SR,KARNATAKA,WIND,2015,2638.2
SR,KARNATAKA,WASTE,2015,1
SR,KARNATAKA,COGENERATION-BAGASSE,2015,1346
SR,KARNATAKA,SOLAR,2015,77.22
SR,KARNATAKA,SMALL HYDRO,2016,1217.73
SR,KARNATAKA,WIND,2016,2869.1
SR,KARNATAKA,WASTE,2016,1
SR,KARNATAKA,COGENERATION-BAGASSE,2016,1402
SR,KARNATAKA,SOLAR,2016,145.462
NR,PUNJAB,SMALL HYDRO,2008,123.9
NR,PUNJAB,COGENERATION-BAGASSE,2008,28
NR,PUNJAB,WASTE,2008,9.25
NR,PUNJAB,SOLAR,2008,0.32
NR,PUNJAB,SMALL HYDRO,2009,123.9
NR,PUNJAB,COGENERATION-BAGASSE,2009,28
NR,PUNJAB,WASTE,2009,9.25
NR,PUNJAB,SOLAR,2009,0.32
NR,PUNJAB,SMALL HYDRO,2010,132.55
NR,PUNJAB,COGENERATION-BAGASSE,2010,62.5
NR,PUNJAB,WASTE,2010,9.25
NR,PUNJAB,SOLAR,2010,1.33
NR,PUNJAB,SMALL HYDRO,2011,154.5
NR,PUNJAB,COGENERATION-BAGASSE,2011,74.5
NR,PUNJAB,WASTE,2011,9.25
NR,PUNJAB,SOLAR,2011,2.33
NR,PUNJAB,SMALL HYDRO,2012,154.5
NR,PUNJAB,COGENERATION-BAGASSE,2012,90.5
NR,PUNJAB,WASTE,2012,9.25
NR,PUNJAB,SOLAR,2012,9.33
NR,PUNJAB,SMALL HYDRO,2013,154.5
NR,PUNJAB,COGENERATION-BAGASSE,2013,124.5
NR,PUNJAB,WASTE,2013,9.25
NR,PUNJAB,SOLAR,2013,9.325
NR,PUNJAB,SMALL HYDRO,2014,156.2
NR,PUNJAB,COGENERATION-BAGASSE,2014,140.5
NR,PUNJAB,WASTE,2014,9.25
NR,PUNJAB,SOLAR,2014,16.85
NR,PUNJAB,SMALL HYDRO,2017,170.9
NR,PUNJAB,WASTE,2017,9.25
NR,PUNJAB,COGENERATION-BAGASSE,2017,179
NR,PUNJAB,SOLAR,2017,793.95
NR,PUNJAB,SMALL HYDRO,2018,173.55
NR,PUNJAB,WASTE,2018,9.25
NR,PUNJAB,COGENERATION-BAGASSE,2018,194
NR,PUNJAB,SOLAR,2018,905.62
NR,PUNJAB,SMALL HYDRO,2019,173.55
NR,PUNJAB,WASTE,2019,9.25
NR,PUNJAB,COGENERATION-BAGASSE,2019,194
NR,PUNJAB,SOLAR,2019,905.62
NR,PUNJAB,SMALL HYDRO,2020,173.55
NR,PUNJAB,WASTE,2020,10.75
NR,PUNJAB,COGENERATION-BAGASSE,2020,317.1
NR,PUNJAB,SOLAR,2020,947.1
NR,PUNJAB,SMALL HYDRO,2015,157.4
NR,PUNJAB,WASTE,2015,9.25
NR,PUNJAB,COGENERATION-BAGASSE,2015,179
NR,PUNJAB,SOLAR,2015,185.27
NR,PUNJAB,SMALL HYDRO,2016,170.9
NR,PUNJAB,WASTE,2016,9.25
NR,PUNJAB,COGENERATION-BAGASSE,2016,179
NR,PUNJAB,SOLAR,2016,405.063
NR,UTTARAKHAND,SMALL HYDRO,2008,105.12
NR,UTTARAKHAND,SOLAR,2008,0.05
NR,UTTARAKHAND,SMALL HYDRO,2009,127.92
NR,UTTARAKHAND,SOLAR,2009,0.05
NR,UTTARAKHAND,SMALL HYDRO,2010,132.92
NR,UTTARAKHAND,SOLAR,2010,0.05
NR,UTTARAKHAND,SMALL HYDRO,2011,134.62
NR,UTTARAKHAND,COGENERATION-BAGASSE,2011,10
NR,UTTARAKHAND,SOLAR,2011,0.05
NR,UTTARAKHAND,SMALL HYDRO,2012,170.82
NR,UTTARAKHAND,COGENERATION-BAGASSE,2012,10
NR,UTTARAKHAND,SOLAR,2012,5.05
NR,UTTARAKHAND,SMALL HYDRO,2013,174.82
NR,UTTARAKHAND,COGENERATION-BAGASSE,2013,10
NR,UTTARAKHAND,SOLAR,2013,5.05
NR,UTTARAKHAND,SMALL HYDRO,2014,174.82
NR,UTTARAKHAND,COGENERATION-BAGASSE,2014,30
NR,UTTARAKHAND,SOLAR,2014,5.05
NR,UTTARAKHAND,SMALL HYDRO,2017,209.32
NR,UTTARAKHAND,COGENERATION-BAGASSE,2017,73
NR,UTTARAKHAND,SOLAR,2017,233.49
NR,UTTARAKHAND,SMALL HYDRO,2018,214.32
NR,UTTARAKHAND,COGENERATION-BAGASSE,2018,73
NR,UTTARAKHAND,SOLAR,2018,260.08
NR,UTTARAKHAND,SMALL HYDRO,2019,214.32
NR,UTTARAKHAND,COGENERATION-BAGASSE,2019,73
NR,UTTARAKHAND,SOLAR,2019,306.75
NR,UTTARAKHAND,SMALL HYDRO,2020,214.32
NR,UTTARAKHAND,COGENERATION-BAGASSE,2020,130.5
NR,UTTARAKHAND,SOLAR,2020,315.9
NR,UTTARAKHAND,SMALL HYDRO,2015,209.32
NR,UTTARAKHAND,COGENERATION-BAGASSE,2015,73
NR,UTTARAKHAND,SOLAR,2015,5
NR,UTTARAKHAND,SMALL HYDRO,2016,209.33
NR,UTTARAKHAND,COGENERATION-BAGASSE,2016,73
NR,UTTARAKHAND,SOLAR,2016,41.145
WR,GOA,SMALL HYDRO,2008,0.05
WR,GOA,SMALL HYDRO,2009,0.05
WR,GOA,SMALL HYDRO,2010,0.05
WR,GOA,SMALL HYDRO,2011,0.05
WR,GOA,SMALL HYDRO,2012,0.05
WR,GOA,SMALL HYDRO,2013,0.05
WR,GOA,SMALL HYDRO,2014,0.05
WR,GOA,SMALL HYDRO,2017,0.05
WR,GOA,SOLAR,2017,0.71
WR,GOA,SMALL HYDRO,2018,0.05
WR,GOA,SOLAR,2018,0.91
WR,GOA,SMALL HYDRO,2019,0.05
WR,GOA,SOLAR,2019,3.92
WR,GOA,SMALL HYDRO,2020,0.05
WR,GOA,WASTE,2020,0.34
WR,GOA,SOLAR,2020,4.78
WR,GOA,SMALL HYDRO,2015,0.05
WR,GOA,SMALL HYDRO,2016,0.05
NER,MANIPUR,SMALL HYDRO,2008,5.45
NER,MANIPUR,SMALL HYDRO,2009,5.45
NER,MANIPUR,SMALL HYDRO,2010,5.45
NER,MANIPUR,SMALL HYDRO,2011,5.45
NER,MANIPUR,SMALL HYDRO,2012,5.45
NER,MANIPUR,SMALL HYDRO,2013,5.45
NER,MANIPUR,SMALL HYDRO,2014,5.45
NER,MANIPUR,SMALL HYDRO,2017,5.45
NER,MANIPUR,SOLAR,2017,0.03
NER,MANIPUR,SMALL HYDRO,2018,5.45
NER,MANIPUR,SOLAR,2018,0.06
NER,MANIPUR,SMALL HYDRO,2019,5.45
NER,MANIPUR,SOLAR,2019,3.44
NER,MANIPUR,SMALL HYDRO,2020,5.45
NER,MANIPUR,SOLAR,2020,5.16
NER,MANIPUR,SMALL HYDRO,2015,5.45
NER,MANIPUR,SMALL HYDRO,2016,5.45
NER,MIZORAM,SMALL HYDRO,2008,17.47
NER,MIZORAM,SMALL HYDRO,2009,24.47
NER,MIZORAM,SMALL HYDRO,2010,36.47
NER,MIZORAM,SMALL HYDRO,2011,36.74
NER,MIZORAM,SMALL HYDRO,2012,36.47
NER,MIZORAM,SMALL HYDRO,2013,36.47
NER,MIZORAM,SMALL HYDRO,2014,36.47
NER,MIZORAM,SMALL HYDRO,2017,41.47
NER,MIZORAM,SOLAR,2017,0.1
NER,MIZORAM,SMALL HYDRO,2018,36.47
NER,MIZORAM,SOLAR,2018,0.2
NER,MIZORAM,SMALL HYDRO,2019,36.47
NER,MIZORAM,SOLAR,2019,0.5
NER,MIZORAM,SMALL HYDRO,2020,36.47
NER,MIZORAM,SOLAR,2020,1.52
NER,MIZORAM,SMALL HYDRO,2015,36.47
NER,MIZORAM,SMALL HYDRO,2016,36.47
NER,MIZORAM,SOLAR,2016,0.1
NER,TRIPURA,SMALL HYDRO,2008,16.01
NER,TRIPURA,SMALL HYDRO,2009,16.01
NER,TRIPURA,SMALL HYDRO,2010,16.01
NER,TRIPURA,SMALL HYDRO,2011,16.01
NER,TRIPURA,SMALL HYDRO,2012,16.01
NER,TRIPURA,SMALL HYDRO,2013,16.01
NER,TRIPURA,SMALL HYDRO,2014,16.01
NER,TRIPURA,SMALL HYDRO,2017,16.01
NER,TRIPURA,SOLAR,2017,5.09
NER,TRIPURA,SMALL HYDRO,2018,16.01
NER,TRIPURA,SOLAR,2018,5.09
NER,TRIPURA,SMALL HYDRO,2019,16.01
NER,TRIPURA,SOLAR,2019,5.09
NER,TRIPURA,SMALL HYDRO,2020,16.01
NER,TRIPURA,SOLAR,2020,9.41
NER,TRIPURA,SMALL HYDRO,2015,16.01
NER,TRIPURA,SOLAR,2015,5
NER,TRIPURA,SMALL HYDRO,2016,16.01
NER,TRIPURA,SOLAR,2016,5
ER,A & N ISLANDS,SMALL HYDRO,2008,5.25
ER,A & N ISLANDS,WIND,2008,1.1
ER,A & N ISLANDS,SOLAR,2008,0.1
ER,A & N ISLANDS,SMALL HYDRO,2009,5.25
ER,A & N ISLANDS,WIND,2009,1.1
ER,A & N ISLANDS,SOLAR,2009,0.1
ER,A & N ISLANDS,SMALL HYDRO,2010,5.25
ER,A & N ISLANDS,SOLAR,2010,0.1
ER,A & N ISLANDS,SMALL HYDRO,2011,5.25
ER,A & N ISLANDS,SOLAR,2011,0.1
ER,A & N ISLANDS,SMALL HYDRO,2012,5.25
ER,A & N ISLANDS,SOLAR,2012,0.01
ER,A & N ISLANDS,SMALL HYDRO,2013,5.25
ER,A & N ISLANDS,SOLAR,2013,5.1
ER,A & N ISLANDS,SMALL HYDRO,2014,5.25
ER,A & N ISLANDS,SOLAR,2014,5.1
ER,A & N ISLANDS,SMALL HYDRO,2017,5.25
ER,A & N ISLANDS,SOLAR,2017,6.56
ER,A & N ISLANDS,SMALL HYDRO,2018,5.25
ER,A & N ISLANDS,SOLAR,2018,6.56
ER,A & N ISLANDS,SMALL HYDRO,2019,5.25
ER,A & N ISLANDS,SOLAR,2019,11.73
ER,A & N ISLANDS,SMALL HYDRO,2020,5.25
ER,A & N ISLANDS,SOLAR,2020,12.19
ER,A & N ISLANDS,SMALL HYDRO,2015,5.25
ER,A & N ISLANDS,SOLAR,2015,5.1
ER,A & N ISLANDS,SMALL HYDRO,2016,5.25
ER,A & N ISLANDS,SOLAR,2016,5.1
WR,DIU & DAMAN,SOLAR,2017,10.46
WR,DIU & DAMAN,SOLAR,2018,10.61
WR,DIU & DAMAN,SOLAR,2019,14.47
WR,DIU & DAMAN,SOLAR,2020,19.86
WR,DIU & DAMAN,SOLAR,2016,4
SR,LAKSHADWEEP,SOLAR,2008,0.76
SR,LAKSHADWEEP,SOLAR,2009,0.76
SR,LAKSHADWEEP,SOLAR,2010,0.75
SR,LAKSHADWEEP,SOLAR,2011,0.75
SR,LAKSHADWEEP,SOLAR,2012,0.75
SR,LAKSHADWEEP,SOLAR,2013,0.75
SR,LAKSHADWEEP,SOLAR,2014,0.75
SR,LAKSHADWEEP,SOLAR,2017,0.71
SR,LAKSHADWEEP,SOLAR,2018,0.75
SR,LAKSHADWEEP,SOLAR,2019,0.75
SR,LAKSHADWEEP,SOLAR,2020,0.75
SR,LAKSHADWEEP,SOLAR,2015,0.75
SR,LAKSHADWEEP,SOLAR,2016,0.75
NR,CHANDIGARH,SOLAR,2014,2
NR,CHANDIGARH,SOLAR,2017,17.32
NR,CHANDIGARH,SOLAR,2018,25.2
NR,CHANDIGARH,SOLAR,2019,34.71
NR,CHANDIGARH,SOLAR,2020,40.55
NR,CHANDIGARH,SOLAR,2015,4.5
NR,CHANDIGARH,SOLAR,2016,6.806
WR,DADRA & NAGAR HAVELI,SOLAR,2017,2.97
WR,DADRA & NAGAR HAVELI,SOLAR,2018,5.46
WR,DADRA & NAGAR HAVELI,SOLAR,2019,5.46
WR,DADRA & NAGAR HAVELI,SOLAR,2020,5.46
IN,OTHERS,WIND,2013,4.3
IN,OTHERS,SOLAR,2013,0.79
IN,OTHERS,WIND,2014,4.3
IN,OTHERS,SOLAR,2014,0.82
